source,relationship,target,source_paper_title
AI,creates,marketing content,How AI is automating writing: The rise of robot writers
AI,mimics,human speech,How AI is automating writing: The rise of robot writers
marketers,use,AI,MARKETING COMMUNICATIONS: ONGOING TRENDS AND OPTIONS
companies,create,digital data,MARKETING COMMUNICATIONS: ONGOING TRENDS AND OPTIONS
users,explore,commercial content,MARKETING COMMUNICATIONS: ONGOING TRENDS AND OPTIONS
influencers,promote,commercial content,MARKETING COMMUNICATIONS: ONGOING TRENDS AND OPTIONS
neuromarketing,integrates,intelligent marketing automation,A Neuromarketing Framework for Data-Driven Intelligent Automation in Marketing
neuroscientific signals,input to,analytical loop,A Neuromarketing Framework for Data-Driven Intelligent Automation in Marketing
AI interfaces,converts,neurodata,A Neuromarketing Framework for Data-Driven Intelligent Automation in Marketing
neural networks,analyze,neurodata,A Neuromarketing Framework for Data-Driven Intelligent Automation in Marketing
neuromarketing models,integrates within,intelligent automation systems,A Neuromarketing Framework for Data-Driven Intelligent Automation in Marketing
AI tools,improves,video quality,Evaluating AI-Generated Video Quality: A Novel Assessment Model
AI platforms,analyzes,quality indicators,Evaluating AI-Generated Video Quality: A Novel Assessment Model
benchmarking model,adapts,changing standards of AI technology,Evaluating AI-Generated Video Quality: A Novel Assessment Model
current AI tools,enhances,realism and resolution,Evaluating AI-Generated Video Quality: A Novel Assessment Model
AI artifacts,threatens,video quality,Evaluating AI-Generated Video Quality: A Novel Assessment Model
machine learning video generation,requires,benchmarking model,Evaluating AI-Generated Video Quality: A Novel Assessment Model
research,drives,innovation,Evaluating AI-Generated Video Quality: A Novel Assessment Model
AI powered media,creates,new benchmarks,Evaluating AI-Generated Video Quality: A Novel Assessment Model
MSME,requires,qualified professionals,Artificial Intelligence in Ecuadorian SMEs: Drivers and Obstacles to Adoption
AI adoption,remains limited in,marketing-related functions,Artificial Intelligence in Ecuadorian SMEs: Drivers and Obstacles to Adoption
AI technologies,has potential for,real-world implementation,Artificial Intelligence in Ecuadorian SMEs: Drivers and Obstacles to Adoption
MSMEs,needs targeted strategies for,workforce training and digital infrastructure development,Artificial Intelligence in Ecuadorian SMEs: Drivers and Obstacles to Adoption
